SupplierID,SupplierName,ContactName,Email,Phone,City,Country,Rating
1,"Rodriguez, Figueroa and Sanchez Direct",Brian Yang,garzaanthony@robinson.org,2834863794,Petersonberg,USA,4.46
2,Bernard LLC Direct,James Howard,cassandra07@martinez.com,+1-695-993-1034x1316,Franciscostad,USA,3.54
3,Santiago Ltd Direct,Maria Lynch,amandasanchez@gray-mayo.net,550.730.5641,Lake Victor,USA,3.91
4,"Ellis, Baker and Wright Direct",Deborah Richards,icox@snyder.com,+1-326-691-6697x8480,Danielchester,USA,3.83
5,Chavez Ltd Direct,Deborah Mason,williamrodriguez@evans.com,(528)280-9570x154,New Stacey,USA,4.6
6,Dennis Inc Direct,Kim Martinez,karroyo@rose-obrien.com,+1-534-565-7871,West Andrewside,USA,4.52
7,Chapman Inc Direct,Mark Perez,heathchad@ramirez.com,+1-329-397-3763,Gomezchester,USA,4.84
8,Shields-Brown Direct,Maria Brown,lauren13@lee.com,(424)873-1781x08013,Olsonfurt,USA,3.63
9,Martin Inc Direct,Mrs. Rachel Gibson,uhorton@stanley.com,4982050097,Port Jacobland,USA,4.13
10,"Hensley, Powell and David Direct",Lauren Williams,barnesbrandy@stewart.com,946.324.7510,New Jasonview,USA,3.54
11,Mahoney Inc Direct,Jaclyn Moore,cheryl80@montoya.com,911-682-4493x534,North Cynthiaview,USA,3.83
12,Smith and Sons Direct,Deborah Figueroa,hhoffman@landry.com,+1-605-798-2620,West Jasonbury,USA,4.26
13,"Garcia, Deleon and Henson Direct",Marc Moore,michellecherry@keith.com,001-756-634-2160x7337,East Andrew,USA,3.54
14,Ross LLC Direct,Tracy Ramirez,ifrazier@crosby-wilson.com,(894)301-9655,Lamborough,USA,3.8
15,Williams-Graham Direct,Renee Mcdaniel,michaeljones@mccall.com,001-448-646-5648x2366,Kelleytown,USA,4.47
16,Mitchell-Jordan Direct,Mary Marshall,glowe@leon-moyer.com,+1-514-989-5134x33200,South Robertshire,USA,4.32
17,Higgins Group Direct,David Douglas Jr.,osbornejeffery@holmes.com,927.488.9579x868,Colebury,USA,3.83
18,"Ramirez, Strickland and Washington Direct",Jeremiah Reeves,josephflores@miller.com,001-831-266-5876x036,Woodsstad,USA,4.38
19,Molina-Castaneda Direct,Jennifer Adkins,tracynelson@johnson-rogers.biz,001-427-929-8069x9016,North Jorge,USA,4.71
20,Lewis-Murphy Direct,Jamie Walton,fking@smith-ryan.com,510.403.3092,Caldwellshire,USA,3.51
21,Marshall LLC Direct,Carol Lawson,stricklandfrank@rodriguez-johnson.com,001-366-231-9314,Amandastad,USA,4.71
22,Hunter LLC Direct,Jason Henry,oyu@zimmerman-graham.net,+1-949-587-7694x5314,Hudsonfurt,USA,4.55
23,Johnson-Rosales Direct,Daniel Salinas,joshua94@smith.biz,783.977.7014x3634,Ronaldside,USA,4.01
24,Bell-Chavez Direct,David Griffith,david82@robinson.com,001-498-694-1343x5240,North Angelaberg,USA,3.73
25,"Oneill, Henry and Salas Direct",Julie Alexander,tammyking@wilson-jones.info,390-822-9413,Port Alexandra,USA,4.94
26,Kerr-Evans Direct,Jessica Carroll,lynchjody@garrett.com,(932)681-2067,East Keithport,USA,4.0
27,"Heath, Jones and Hall Direct",Rick Lawrence,ronaldstephens@hernandez.com,(849)694-7174,Kimton,USA,3.64
28,Navarro-Munoz Direct,Darryl Craig,keyemily@johnston-hines.com,787.342.9671x7565,West Robert,USA,3.65
29,Roberts-Landry Direct,Krista Gibson,johnny16@bryan.info,(903)985-9770x34824,North Teresabury,USA,4.77
30,"Moore, Pierce and Tran Direct",Willie Durham,pvalentine@jimenez.com,346.677.3782x63982,Morganhaven,USA,4.41
31,Hoover-Campbell Direct,Kevin Duarte,cgrimes@washington.biz,853.439.6360x576,Hannaberg,USA,4.71
32,"Sanford, Rivera and Garcia Direct",Ariana Lozano,bowenrobert@booker.com,696-515-8657x80913,South Tiffanyville,USA,4.59
33,Jackson-Evans Direct,Frederick Brown,nicholas23@jenkins.com,996-693-7923,Scotttown,USA,4.3
34,Santana-Byrd Direct,Jeremy Reed,danielle64@bruce-gonzalez.biz,213.969.5944x0640,Kimberlybury,USA,4.96
35,"Pham, Robinson and Lee Direct",Perry Saunders,courtneyberger@williams.com,001-621-445-6232x8588,Robinfort,USA,4.07
36,Francis-Morgan Direct,Victor Taylor,michelleramsey@coffey-ballard.com,860-748-1754,Lake Jesustown,USA,4.33
37,"Henson, Hoffman and Herman Direct",Arthur Colon,debra12@shah.info,813-482-6758,Penafort,USA,4.74
38,"Russell, Lynn and Johnson Direct",Jeremy Sampson,cory58@howard.com,513.590.0532x931,West Kim,USA,4.43
39,"Smith, Garrison and Thomas Direct",David Thompson,andersonmichael@chapman.com,302-968-1177x589,New Bradley,USA,4.79
40,"Boyd, Ellis and Maynard Direct",John Morales,henryrenee@lam.org,(612)949-9856,Garciaville,USA,4.37
41,"Curtis, Mack and Le Direct",Jesse Perez,maria66@davis.com,(471)211-1615,Elizabethchester,USA,4.56
42,Russo-Pugh Direct,Thomas Williams,caroline51@romero.com,(285)614-9368x998,East Joshuaport,USA,3.57
43,Bell-White Direct,Matthew Jones,davisalyssa@barnes-peterson.com,859-991-0229x0147,Perryborough,USA,3.84
44,"Wilson, Jordan and Campbell Direct",Katelyn Estrada,walkertracey@smith.com,001-724-345-1076x22683,Hensleyton,USA,3.93
45,Smith-Morse Direct,Laura Berry,zroberts@burch.org,651.761.3696x816,West Kimberly,USA,3.62
46,Dixon Inc Direct,Cheyenne Parsons,jessica23@thomas.com,+1-721-427-7997x995,Jonesmouth,USA,3.85
47,"Turner, Hill and Brown Direct",Emily Hayes,woodjustin@lin.net,(279)980-7935x9782,Port Rachelmouth,USA,3.65
48,"Miller, Lucas and Williams Direct",Wendy Warren,michaelhardin@ortiz-morgan.org,4517518644,New Elizabethstad,USA,3.92
49,Ponce-Hale Direct,Kurt Hurley,angelica52@warner.net,768-950-5423,East Zoe,USA,4.45
50,Jones Inc Direct,Kimberly Rodgers,stanleynancy@anderson.org,(970)565-3794,West Tammy,USA,4.05
